model,score,CI_low,CI_high
Skeleton,0.5202630128985617,0.4038876302282784,0.6312855535178284
CorNet-S,0.6592513395745093,0.5967068147752278,0.7256934464091596
ResNext-SAY,0.6531548614285158,0.5431492309343378,0.7566509952250979
ResNet-IN,0.6199448053923682,0.5335128845771874,0.7045799668122642
ResNet-SIN,0.6062113998023279,0.48367667125143204,0.7262258285860574
