model,score,CI_low,CI_high
Skeleton,0.807899193,0.730329207,0.887918451
Pixel,0.608431852,0.559975553,0.645180441
CorNet-S,0.561072749,0.529140823,0.591125402
ResNext-SAY,0.580255792,0.524410861,0.630618484
ResNet-IN,0.565726075,0.545001397,0.587708672
ResNet-SIN,0.573003815,0.526235641,0.622321675
FlowNet,0.672283273,0.610390144,0.719124189
Infants,0.866116257,0.721901098,1
