model,score,CI_low,CI_high
Skeleton,0.5202630128985617,0.40922563244792615,0.6260472485170788
Pixel,0.5867452517850275,0.4275363682852446,0.7233328580108975
CorNet-S,0.6592513395745093,0.5968285808563865,0.7266811591384114
ResNext-SAY,0.6531548614285158,0.5371843598385534,0.7601295101383356
ResNet-IN,0.6199448053923682,0.529190185561596,0.7048296868816685
ResNet-SIN,0.6062113998023279,0.48364495449087386,0.7262258285860574
