model,score,CI_low,CI_high
Skeleton,0.8078991929031436,0.7176897514882171,0.9036700127809666
CorNet-S,0.5610727485798727,0.5237784458266534,0.594713237051447
ResNext-SAY,0.5802557922673511,0.5116971683829931,0.6412899418646263
ResNet-IN,0.5657260748707059,0.5411589531029147,0.5941758479343147
ResNet-SIN,0.5730038153428518,0.5185393098177705,0.6314201086384023
Infants,0.8661162566915147,0.679416372147346,1.0
