model,score,CI_low,CI_high
Skeleton,0.8078991929031435,0.7195507595409659,0.909192931652076
Pixel,0.6084318522137961,0.5510613458946901,0.649299744569036
CorNet-S,0.5610727485798727,0.524384606107912,0.594713237051447
ResNext-SAY,0.580255792267351,0.5153185546364053,0.6429326174293075
ResNet-IN,0.5657260748707059,0.542416872656578,0.5929853465986521
ResNet-SIN,0.5730038153428519,0.5185393098177706,0.6300180056261304
FlowNet,0.6273204125515855,0.3821120020214495,0.8639045723876976
Infants,0.8661162566915148,0.6717511379440702,1.0
