model,score,CI_low,CI_high
Skeleton,0.5202630128985617,0.42697781986337363,0.6150513600505686
Pixel,0.5867452517850275,0.45208627401136914,0.7105959969275936
CorNet-S,0.6592513395745093,0.6028822234205972,0.7157468357280985
ResNext-SAY,0.6531548614285158,0.5585144849243532,0.7407638066297791
ResNet-IN,0.6199448053923682,0.5461664621011265,0.6937231486836097
ResNet-SIN,0.6062113998023279,0.5002876280481261,0.7121351715565298
FlowNet,0.5365900591258593,0.4799456667226165,0.5908336080113151
