model,score,CI_low,CI_high
Skeleton,0.8078991929031436,0.7159667181579482,0.9022809396920244
Pixel,0.6084318522137963,0.5528033056156461,0.6492997445690362
CorNet-S,0.5610727485798727,0.524384606107912,0.594713237051447
ResNext-SAY,0.5802557922673511,0.5121999603997809,0.6412899418646263
ResNet-IN,0.5657260748707059,0.5415165748748528,0.5922951452874929
ResNet-SIN,0.5730038153428518,0.5185393098177705,0.6302252502097739
Infants,0.8661162566915147,0.6807432590980397,1.0
