"Model","Classifier","Condition","Acc","CI_Low","CI_High"
"Infant","Infant","SF",0.866115883407884,0.678586062147923,1
"GBJ","ISOF","SF",0.606555555558333,0.545538668995276,0.666560428809783
"GIST","ISOF","SF",0.532694444458333,0.470058593648903,0.596356706628103
"AlexNet-IN","ISOF","SF",0.505472222229167,0.494376806064062,0.520021265297049
"ResNet-IN","ISOF","SF",0.5,0.5,0.5
"AlexNet-SIN","ISOF","SF",0.514111111108333,0.480140958793913,0.55266976504934
"ResNet-SIN","ISOF","SF",0.524166666654167,0.491139322902509,0.561856117259914
