model,score,CI_low,CI_high
Skeleton,0.5202630128985618,0.4036878211754303,0.6295728352157274
Pixel,0.5867452517850276,0.4265552568208659,0.7227480086205175
CorNet-S,0.6592513395745093,0.5967068147752278,0.7280390268674742
ResNext-SAY,0.6531548614285158,0.5371843598385535,0.7594096642085502
ResNet-IN,0.6199448053923681,0.5348102038336636,0.7048296868816682
ResNet-SIN,0.6062113998023279,0.48619697101859843,0.7306520144407671
FlowNet,0.5419904366684504,0.3084679495162207,0.7447656932014727
