model,score,CI_low,CI_high
Skeleton,0.5430482449798073,0.40532381098090314,0.6807726789787114
Pixel,0.5919135200925747,0.4138054109287008,0.7326804094777808
CorNet-S,0.6732513136684305,0.5968056654931365,0.7264346252622945
ResNext-SAY,0.7377838586945785,0.6715330485745784,0.8040346688145785
ResNet-IN,0.7085775757671193,0.6122701451037413,0.8048850064304973
ResNet-SIN,0.7241212638244281,0.6655254371956429,0.7827170904532132
FlowNet,0.4651001366676999,0.09681828914804917,0.8333819841873507
