model,score,CI_low,CI_high
Skeleton,0.790200335453337,0.5928069380729031,0.9875937328337709
Pixel,0.5891570015591263,0.5750436438442785,0.603270359273974
CorNet-S,0.5260372111753371,0.49877846251490243,0.5532959598357716
ResNext-SAY,0.5215981394402638,0.4732873804891046,0.5566545652275066
ResNet-IN,0.5169214664822955,0.48443334346802325,0.5527535855575048
ResNet-SIN,0.5245595433287087,0.49508174805264776,0.5449491426572753
FlowNet,0.6448384906010781,0.5121555241250194,0.8810777620625097
Infants,0.7739176380929572,0.5790600332550285,1.0
