model,score,CI_low,CI_high
Skeleton,0.7902003354533373,0.5928069380729031,0.9875937328337714
CorNet-S,0.5260372111753371,0.49877846251490243,0.5532959598357716
ResNext-SAY,0.5215981394402638,0.4732873804891046,0.5566545652275066
ResNet-IN,0.5169214664822955,0.4844333434680233,0.5527535855575048
ResNet-SIN,0.5245595433287086,0.49508174805264776,0.5449491426572755
Infants,0.7739176380929573,0.5826026913709564,1.0
