model,score,CI_low,CI_high
Skeleton,0.5430482449798074,0.4053238109809033,0.6807726789787115
Pixel,0.5919135200925747,0.4138054109287009,0.7326804094777808
CorNet-S,0.6732513136684306,0.5968056654931365,0.7264346252622946
ResNext-SAY,0.7377838586945784,0.6715330485745784,0.8040346688145785
ResNet-IN,0.7085775757671193,0.6122701451037413,0.8048850064304973
ResNet-SIN,0.7241212638244281,0.6655254371956427,0.7827170904532134
